scan ID,QC inclusion?,Component variance,Component variance - outlier?,Dice overlap,Dice overlap - outlier?,DR confound corr.,DR confound corr. - outlier?,$CR_{SD}$,$CR_{SD}$ - outlier?,mean FD,mean FD - outlier?,tDOF,tDOF - outlier?
sub-1_ses-1_bold,True,0.014188576540298325,False,0.06851037083595223,False,0.5793001034027556,False,0.7328918194906066,False,0.01209264853216082,False,381,False
sub-2_ses-1_bold,True,0.02874919497294761,False,0.08344370860927153,False,0.6449420515631321,False,0.5934910749439956,False,0.01493233079932843,False,375,False
sub-3_ses-1_bold,True,0.013609966353009886,False,0.1206581352833638,False,0.5230423506404313,False,0.8031162199039279,False,0.017070341937420984,True,373,False
sub-4_ses-1_bold,True,0.018607952199380943,False,0.0767054385413392,False,0.6940316104470616,False,0.6512288550084301,False,0.011901452767711974,False,358,False
sub-5_ses-1_bold,True,0.030803474889872364,True,0.08810289389067524,False,0.5214395308618005,False,0.7004560020424422,False,0.01329226102606877,False,408,False
sub-6_ses-1_bold,True,0.015122559575403156,False,0.11634709132271694,False,0.44886171260305163,False,0.6440200366098285,False,0.011750351646013736,False,360,False
sub-7_ses-1_bold,True,0.01700550049510178,False,0.09382076997735361,False,0.5545764060119893,False,0.7645790980409441,False,0.011137118711737762,False,382,False
sub-8_ses-1_bold,True,0.011950702932880355,False,0.08546455163483328,False,0.4004255121618189,False,0.8393214860923613,False,0.011346027697974706,False,402,False
