scan ID,QC inclusion?,Component variance,Component variance - outlier?,Dice overlap,Dice overlap - outlier?,DR confound corr.,DR confound corr. - outlier?,$CR_{SD}$,$CR_{SD}$ - outlier?,mean FD,mean FD - outlier?,tDOF,tDOF - outlier?
sub-1_ses-1_bold,True,0.03129478539291467,False,0.06211936662606577,False,0.7054156611397482,False,0.7328918194906066,False,0.01209264853216082,False,381,False
sub-2_ses-1_bold,True,0.020714708676325813,False,0.03954802259887006,False,0.3396470738403814,False,0.5934910749439956,False,0.01493233079932843,False,375,False
sub-3_ses-1_bold,True,0.016006719070379705,False,0.05997392438070404,False,0.6037955595760589,False,0.8031162199039279,False,0.017070341937420984,True,373,False
sub-4_ses-1_bold,True,0.016117438892963132,False,0.014358360753813939,True,0.5029017569138639,False,0.6512288550084301,False,0.011901452767711974,False,358,False
sub-5_ses-1_bold,True,0.00834990889074005,False,0.08043408873284393,False,0.5049756324771982,False,0.7004560020424422,False,0.01329226102606877,False,408,False
sub-6_ses-1_bold,True,0.014301851678418834,False,0.06348188521962167,False,0.4391160113929817,False,0.6440200366098285,False,0.011750351646013736,False,360,False
sub-7_ses-1_bold,True,0.024933629223217513,False,0.055926278995869085,False,0.5973318700063037,False,0.7645790980409441,False,0.011137118711737762,False,382,False
sub-8_ses-1_bold,True,0.006991636635142457,False,0.05177372962607862,False,0.4191778591058747,False,0.8393214860923613,False,0.011346027697974706,False,402,False
