scan ID,QC inclusion?,Component variance,Component variance - outlier?,Dice overlap,Dice overlap - outlier?,DR confound corr.,DR confound corr. - outlier?,$CR_{SD}$,$CR_{SD}$ - outlier?,mean FD,mean FD - outlier?,tDOF,tDOF - outlier?
sub-1_ses-1_bold,True,0.031838307999586084,False,0.05301645338208409,False,0.7166533556306722,False,0.7328918194906066,False,0.01209264853216082,False,381,False
sub-2_ses-1_bold,True,0.011916181609576358,False,0.07091308440539693,False,0.5226163631660561,False,0.5934910749439956,False,0.01493233079932843,False,375,False
sub-3_ses-1_bold,True,0.021002735379516215,False,0.0628514720476348,False,0.4363872569018364,False,0.8031162199039279,False,0.017070341937420984,True,373,False
sub-4_ses-1_bold,True,0.02876368136877894,False,0.02103309619548407,False,0.6821075671898681,False,0.6512288550084301,False,0.011901452767711974,False,358,False
sub-5_ses-1_bold,True,0.015497330791041252,False,0.046441495778045835,False,0.5443950935919366,False,0.7004560020424422,False,0.01329226102606877,False,408,False
sub-6_ses-1_bold,True,0.012665178137739085,False,0.06346153846153846,False,0.4049744356339909,False,0.6440200366098285,False,0.011750351646013736,False,360,False
sub-7_ses-1_bold,True,0.020383137023840703,False,0.045887961859356376,False,0.613227743873439,False,0.7645790980409441,False,0.011137118711737762,False,382,False
sub-8_ses-1_bold,True,0.010813154029256986,False,0.05816419266888822,False,0.511727941294283,False,0.8393214860923613,False,0.011346027697974706,False,402,False
